"What kind of pet is this (Dog, Cat, Bird, Other)","Pet's Full Name (you don't have to include your last name. Think ""Winston Churchill"" and not ""Winston Churchill MYLASTNAME"")","Pet's everyday name (e.g. ""Church"")",Pet's age,Pet's breed (if applicable)
Dog,Widget,Widget,5,Dachshund
Dog,Stella Bo Bella,Stella,6.5,Mutt
Dog,Tilly,Tills,13,Chocolate Lab
Dog,Peter Peter Pumpkin Eater,Petey,5,Pit Bull
Dog,Remy,Rem,1,Unknown
Dog,Oreo,Oreo,7,Some Kind Of Mix
Dog,Ljus,Ljus,0.27,Golden Retriever
Dog,Bambi,Bambs,3,Unknown
Dog,Layla ‘the Tank’,Layla,3,Pit Bull
Dog,Benny And The Jets,Ben,1,Mastiff Great Dane
Dog,Milo,Milo,7,Bichon Frise
Dog,Mocha,Mocha,3,Pit Bull Terrier Mix
Dog,Shadow,Shadow,15,Golden Retriever
Dog,Luna,Luna,1,Great Pyrenees
Dog,Cody,Pookie,13,Cocker Spaniel Lab Mix
Dog,Oatmeal,Oatmeal,0.58,Golden Retriever
Dog,Ginger,Nugget,10,Chihuahua
Dog,Starbuck Louise,Starbuck,4,Goldendoodle
Dog,Mocha Antoinette,Mocha,7,Mutt
Dog,Oscar,Oscar,10,Shepherd Retriever Mix
Dog,Magnolia Mae,Noli,2.5,Lab Great Pyrenees
Dog,George Cooper,Georgie,2,Golden Retriever
Dog,Cayenne,Cayenne,8,German Shepherd
Dog,Olive Oil,Olive,2,Australian Shepherd
Dog,Brook,Brookie,7,Golden Retriever
Dog,Sparkie,Spark,4,Mutt
Dog,Max,Maxie,16,Cairn Terrier Kerry Blue
Dog,Josephine Bakes,Josie,5,Pit Bull Lab Mix
Dog,Lennie,Lennie,2,Treeing Tennessee Brindle
Dog,Cody James,Buddy,1.5,Golden Retriever
Dog,Jake,Jake,2,Golden Retriever Husky Shepherd Jack Russell
Dog,Gail,Gail,3,Treeing Tennessee Brindle
Dog,Lucky,Luck,3,Jack A Bee 
Dog,Darcy,Darcy,3,Working Cocker Spaniel
Dog,Luke Anakin,Luke,9,Golden Retriever
Dog,Sadie,Sadie,10,Mixed
Dog,Hazel Nut,Hazel,3,Australian Shepherd
Dog,Bourbon,Bourbon,3,Mixed
Dog,Riley,Riley,13,Golden Retriever
Dog,Mr. Nubs,Nubs,16,Corgi
Dog,Bentley,Bentley,3,Australian Labradoodle
Dog,Fenway,Fenway,6,Boston Terrier
Dog,Benelli,Name,3,Labrador Retriever
Dog,Washington The Destroyer,Wash,6.5,Chocolate Lab
Dog,Philomenos,Philo,9,Portuguese Water Dog
Dog,Stampy Wiggles,Stampy,10,Goldendoodle
Dog,Jasmine,Jaz,5,Golden Retriever
Dog,Emma,Puppy,1,Chocolate Lab
Dog,Winston,Wintin,4,Wire Haired Mutt
Dog,Torchenay Be Cool,Max,13,Beagle
Dog,Brutus,Brutus,7,Labrador Retriever
Dog,Lucu,Puppy,7,Black LabBlue Heeler
Dog,Mosephine,Mo,1,Standard Poodle
Dog,Abegeweit,Abi,16,Fox Terrier Mix
Dog,Kramer,Kray,12,Golden Retriever
Dog,Rusty,Wusty,5,Golden Retriever
Dog,Demi,Queen,6,Mixed
Dog,Alfredog,Alfie,11,Mutt Mostly Jack Russell
Dog,Shorty Do,Shorty,15,Mutt
Dog,Penny,Penny,3,Australian Shepherd
Dog,Tuxedo,Tux,1.5,Schnauzer
Dog,Sally,Sally,7,Golden Retriever
Dog,Lola,Lola,6,Mixed Breed
Dog,Gustav,Goober,10,German Shepherd
Dog,Poppy Sue Galushka Clementine,Poppy,4,Treeing Walker Coonhound
Dog,Duke,Duke,3,Australian Shepherd
Dog,Millie,Mills,7,Jack Russell Terrier
Dog,Angus Ogdog Dogga Mcduff,Angus,13,West Highland Terrier
Dog,Lady,Doofus,6,Chocolate Lab
Dog,Maggie Peaches,Maggie,13,Bichon Poodle
Dog,Camembert,Cami,5,Bernese Mountain Dog
Dog,Shadow,Shadow,3,Saluki
Dog,Archer,Archer,3,Golden Retriever
Dog,Robbie,Robz,1.5,Whippet
Dog,Roxy,Roxy,8,Pit Bull
Dog,Ashton Sebastian,Ash,9,Pit Bull Mix
Dog,Maximum,Max,10,Puggle
Dog,Rosalind Pearl,Rosie,5,Border Collie Mix
Dog,Chyna,Chyna,16,Little Terrier Poodle Mix
Dog,Sadie,Sadie,4,Cockapoo
Dog,Flynn,Flynn,0.92,Corgi
Dog,Loki,Loki,3,Unknown
Dog,Trixie,Trix,3,Toy Fox Terrier Yorkie 
Dog,Birdy,Birdy,4,Pomeranian Mix
Dog,Vince,Vincie,11,Yellow Lab
Dog,Cobert,Cob,2,Dalmatian
Dog,Jack Daniel,Jackie,3,Chocolate Lab
Dog,Crinkle,Crink,7,Mongrel
Dog,Maisy Lynn Marie,Mimsy,6,Beagle Mix
Dog,Beemer,Beemo,7,Aussie Doodle
Dog,Mac,Mac,5,Boxer Mastiff Mix
Dog,Maximillion Taxi,Max,9,Lab Mix
Dog,Krypto,Dinky,6,Golden Retriever
Dog,Bo Jangles,Bo,9,Husky Boxer
Dog,Brixton,Brixie,1,Golden Retriever
Dog,Jasper,Jasper,10,Miniature Labradoodle
Dog,Shadow Montgomery,Lovebug,2,Golden Retriever
Dog,Scout,Scout,14,Beagle
Dog,Libby,Libby,12,Golden Retriever
Dog,Jasper Tucker Oaf,Jasper,11,Labrador Retriever
Dog,Tazmanian Devik,Taz,9,Mutt
Dog,Iggy Pup,Iggy,0.33,Miniature Double Doodle
Dog,Lilly,Lilly,12,Labrador Retriever
Dog,Furrdinand,Furrdie,10,Pomeranian
Dog,Monster Mayhem,Doodle,8,Dachshund
Dog,Watson,Watson,6,Labrador Retriever
Dog,Shine,Shine,12,Hound Mix
Dog,Freeney Schnurpel,Freenster,13,Shih Tzu
Dog,Bella Jean,Bella,7,Chihuahua Yorkie Mix
Dog,Ratchet,Ratchie,5,Dachshund
Dog,Clifford,Clifford,4,Clumber Spaniel
Dog,Goose,Gooby,1,Fox Terrier Mix
Dog,Magnus,Munchkin,7,Cairn Terrier
Dog,Shiloh’s Dixie Skye,Dixie,8,Mini Schnauzer
Dog,Bootsie,Bootstoots,17,Terrier Mix
Dog,Mindy,Mindy,10,Labrador Retriever
Dog,Spock,Spock,7,Mix
Dog,Merlin,Mer,12,Chesapeake Bay Retriever
Dog,Sylvia Plath,Sylvia,3,German Short Haired Pointer
Dog,Smokey Neyland,Smo,9,Schnoodle
Dog,Rufus Tee Hilderbrec,Rufus,11,Shih Tzu
Dog,Baillie,Baillie,7,Border Collie
Dog,Sebastian,Bash,0.33,Maltipoo
Dog,Tess,Tess,13,Border Collie Cross
Dog,Zorro,Z,8,Long Haired Chihuahua
Dog,Deacon,Deac,11,Chesapeake Bay Retriever
Dog,Robert Ferguson Mooney,Bobby,6,Golden Retriever
Dog,James Buchanan Barnes,Bucky,2,Unknown
Dog,Buddy Boy,Buddy,16,Cocker Spaniel
Dog,Belle Watling,Belle,2,Maltese
Dog,Magladon Wagladon,Maggie,1,Old English Sheepdog
Dog,Bella,Bella,14,Unknown
Dog,Sophie,Sophie,11,Golden Retriever
Dog,Stewart Little,Stewie,16,Pomeranian
Dog,Sadie,Sadie,0.92,Golden Retriever
Dog,Ashley Wilkes,Ash,11,Yorkie Poodle
Dog,Oliver Jospeh Andrew,Oliver,12,Golden Retriever Mix
Dog,Rhett,Rhetters,12,English Springer Spaniel
Dog,Lily,Lil,5,Golden Retriever
Dog,Cookie,Monster,8,Shih Tzu
Dog,Brutus,Brutus,10,Great White Pyrenees Yellow Lab
Dog,Ralph,Ralph,0.33,Golden Retriever
Dog,Kurt,Kurtis,2,Black Mouth Cur
Dog,Lyra Cristina,Lyra,0.75,Mixed Breed
Dog,Bailey Bear,Baby,6,Lab And German Shepherd Mix
Dog,Brooklyn,Brooklyn,2,Beagle
Dog,Champion Craig,Champ,14,Beagle Mix
Dog,Lennox,Lenny,4,Shih Tzu
Dog,Sullivan Otis,Sulley,10,Catahoula Leopard
Dog,Hank,Hanky,1,Black Mouth Cur
Dog,Allie Nichols,Allie,5,Mutt
Dog,Lila,Lila,5,Newfoundland
Dog,Liberty Louise,Libby,9,English Springer Spaniel
Dog,Jimmy,Jimmyjamsunshineman,5,Shih Tzu
Dog,Rocky,Rocko,9,Rottweiler
Dog,Sheldon Michael,Shel,7,Westin Min Pin
Dog,Jackson,Pupper,3,Australian Blue Cattle Dog
Dog,Maxwell Amos,Max,10,Catahoula Leopard
Dog,Margaret Lewis,Maggie,11,Mutt
Dog,Ginger,Geeper,10,Golden Retriever Mix
Dog,Gator,Tate,8,Rottweiler Irish Setter
Dog,Badger,Badger,12,Dachshund
Dog,Beauregard,Beau,22,Golden Retriever
Dog,Buffy,Buffy,8,Beagle Jack Russel
Dog,Duque,Duque,1,Mixes
Dog,Mika,Mika,5,Husky
Dog,Scarlett,Little,8,Border Collie
Dog,Macy,Macy,11,Golden Retriever Mix
Dog,Gromit Walker,Gromit,8,Golden Retriever
Dog,Gracie Lou Freebush,Gracie,9,Black Lab Angel
Dog,River,River,0.27,Husky
Dog,Olaf,Olaf,4,Chihuahua
Dog,Buttons,Button,2,Beagle
Dog,Stevie James,Steve,9,Maltipoo
Dog,Mila,Crusty,14,Rottweiler Mix
Dog,Murphy,Murph,5,Golden Retriever
Dog,Oscar The Amazing Velcrodog,Oscar,12,Terrier Mix
Dog,Poppy,Poppy,4,Shih Tzu
Dog,Ellie Mae,Ellie,13,Cocker Spaniel
Dog,Snowy,Snow,11,Shih Tzu
Dog,Bruno,Bruno,4,Border Collie
Dog,Mona,Mona,12,Bluetick Beagle
Dog,Yaz,Yazzy,11,Golden Retriever Border Collie
Dog,Princess Leia Organa,Princess,7,Mutt
Dog,Oakley,Oak,3,Shih Tzu
Dog,Tinkerbell,Tinky,4,Chihuahua
Dog,Beckett,Beckett,9,Golden Retriever
Dog,Logan,Logan,10,Labrador Retriever
Dog,Daisy Grace,Daisy,8,Mix
Dog,Lila Betterhalf,Lila,13,Greyhound
Dog,Tula Jean,Tula,1,Unknown
Dog,Odin,Odin,1,Mix
Dog,Annie Piker,Annie,8,Greyhound
Dog,Rusty,Rusty,4,Golden Retriever
Dog,Stella Luna,Stella,4,Lab Mix
Dog,Pancho Villa,Pacho,12,Pug
Dog,Waldo,Waldo,9,Cockapoo
Dog,Yadier,Yadi,4,Golden Retriever
Dog,Ruby Gem,Ruby,4,Terrier Mix
Dog,Buddygus,Buddy,1.67,Golden Retriever
Dog,Homer,Homie,5,Springer Spaniel
Dog,Pippie,Pippie,2,Pit BullBassett Hound Mix
Dog,Parker,Parker,6,Beagle
Dog,Chipper Doodle,Chip,12,Chocolate Lab
Dog,Jack,Jack,7,Labrador Retriever
Dog,Xena,Xena,14,Miniature Pinscher
Dog,Gabby,Gabby,2,Golden Retriever
Dog,Rosebud,Rosie,10,Beagle
Dog,Cooper,Coopee,10,Yorkshire Terrier
Dog,Shakota,Shakota,12,Siberian Husky
Dog,Wilbur,Wilby,7,French English Bulldog
Dog,Finn T. Dog,Finn,0.42,Weimaraner
Dog,Baylee,Boo,2,Unknown
Dog,Sprocket,Spark,15,Mutt
Dog,Sophie,Sophie,13,Maltese Mix
Dog,Sasha,Chunk,1,Lab Shepherd
Dog,Kookiepants,Noodle,15,Jack Russell Terrier
Dog,Miss Maisy Cakes,Maisy,1,Rescue Mutt
Dog,Han Solo,Solo,3,English Cocker Spaniel
Dog,Lillith Anne,Lily,6,Alaskan Husky
Dog,Michelangelo,Mikey,11,English Cocker Spaniel
Dog,Freddie Beagle,Freddie,11,Beagle
Dog,Pieper,Pooper,4,Unknown
Dog,Jacob,Jake,6,Alaskan Husky
Dog,Titus Augustus,Tidy,9,American Foxhound
Dog,Cirrus,Cirrus,2,Poodle
Dog,Shelby,Shelby,14,Labrador Retriever
Dog,Nimbus,Nimbus,0.5,Poodle
Dog,Finn,Finn,1,Cavalier King Charles Spaniel
Dog,Tessie Joan,Tessie,7,American Foxhound
Dog,Ginger,Ginger,12,Golden Retriever
Dog,Sadie,Sadie,6,Golden Retriever
Dog,Flicka,Flicky,12,Labrador Retriever
Dog,Koda Kingslayer,Koda,2,Golden Retriever
Dog,Flicka,Flicky,12,Labrador Retriever
Dog,Maggie,Ms,7,Golden Retriever
Dog,Henry,Henry,1,Brittany
Dog,Megan,Puppy,10,Mutt
Dog,Hopper T. Dog,Hops,6,Golden Retriever
Dog,Snickers,Snickers,10,Beagle Mix
Dog,Venkman,Venk,5,Golden Retriever
Dog,Murphy,Murph,0.5,Cocker Spaniel
Dog,Maggie,Schmieg,12,Golden Retriever
Dog,Jasmine,Jasmine,13,Golden Retriever
Dog,Hurley Pearly Sky,Hurley,7,Shih Tzu
Dog,Queso,Queso,14,Golden Retriever
Dog,Breezy Anne,Breezy,5,German Shepherd
Dog,Riley,Riley,7,Golden Retriever
Dog,Homer J,Homer,10,Basenji Mix
Dog,Tucker,Tucker,7,Golden Retriever
Dog,Abby,Abby,3,Mutt
Dog,Cooper Triple Bogey,Coop,0.17,Golden Retriever
Dog,Shelby,Shelby,1,Blue Tick Coonhound Mountain Cur
Dog,Oakley Dalton,Oaks,6,Unknown
Dog,Lucy Lou,Goose,9,Golden Retriever
Dog,Niles Crane,Niles,4,Border Collie
Dog,Little Lucky One,Lucky,13,Chihuahua
Dog,Benjamin Sebastian,Benjamin,7,Collie Basset Hound Mix.
Dog,Siris Maximus,Sirius,5,Alaskan Husky
Dog,Blaze,Blaze,5,Labrador Retriever
Dog,Brody,Brody,11,Yorkshire Terrier Mix
Dog,Director Of Chaos,Doc,4,Boxer
Dog,Cody,Codes,11,Golden Retriever
Dog,Emma,Rotta,6,Mittelspitz
Dog,Isabella Grace,Bella,7,Maltese
Dog,Cookie Boogie,Boogie,3,Unknown
Dog,Salina,Salina,2,Hound Mix
Dog,Theodore James,Theo,5,Maltese
Dog,Ofelia,Ofie,15,Norwich Terrier
Dog,Hermie,Hermie,3,Chocolate Lab
Dog,Jackson Baines Hardin,Jackson,14,Shepherd Mix 
Dog,Rudy,Rudy,12,Labrador Retriever
Dog,Chuchi,Chu,9,Poodle
Dog,Belle Silver,Bobo,3,Brittany
Dog,Precious Presley,Presley,1,Lab Mix
Dog,Sarah Jessica Parker,Parker,8,Beagle
Dog,Princess Leah,Leah,8,Miniature Schnauzer
Dog,Mr Duke Of Carol Stream,Booboo,10,Labrador Retriever
Dog,Bruno Mars,Bruno,4,Shih Tzu
Dog,Reggie,Reg,8,Border Collie
Dog,Twixie,Gooben,2,Unknown
Dog,Kody,Kode,10,Golden Retriever
Dog,Maverick Clinton,Maverick,10,Labrador Retriever
Dog,Sven,Bean,5,German Shepherd
Dog,Lola,Lola,11,Poodle
Dog,Sophie,Sophie,2,Rottweiler
Dog,Lily Potter,Lil,2,German Shepherd
Dog,Dougie Mcfly,Dougie,11,Cairn Terrier
Dog,Rileyroo,Riley,2,Mutt
Dog,Dobby,Boober,4,Pembroke Welsh Corgi
Dog,Lando,Lando,5,Bernese Mountain Dog
Dog,Tucker Paul,Tuck,6,Pit Bull
Dog,Schnitzel Von Krumm,Ninnel,11,Miniature Dachshund
Dog,Wrigley,Wriglry,13,Beagle
Dog,Wally,Wal,0.33,Golden Retriever
Dog,Snickers,Doodle,11,Beagle
Dog,Charlie,Charlie,9,Cockapoo
Dog,Pepper,Pep,0.79,Cocker Spaniel
Dog,Brownie,Brownie,13,Beagle
Dog,Echo,Beck,3,Corgi Mix
Dog,Banky,Banky,10,Basset Hound
Dog,Koda,Koda,6,Chihuahua
Dog,Clifford,Cliff,6,Labrador Mix
Dog,Coco,Bear,7,Morkie
Dog,Charlie,Charlie,8,Pit Bull
Dog,Mojo,Moj,5,Chiweenie
Dog,Hank,Hank,2,Boxer Mix
Dog,Sebastian,Fritz,15,Italian Greyhound And Jack Russell
Dog,Hank,Hanky,2,Yellow Lab
Dog,Ella,Ells,14.5,Cocker Spaniel
Dog,Frappuccino,Frappie,7,Labradoodle
Dog,Gracie,Grace,12,Shih Tzu
Dog,Phoebe,Phoebe,2,Goldendoodle
Dog,Uma Strawn Mcguire,Uma,4,Golden Retriever Mix
Dog,Buster,Square,13,Terrierist
Dog,Eva Marie,Eva,3,Chihuahua
Dog,Mia Hamm,Mia,11,Golden Retriever
Dog,Alia Atreides,Allie,5,Mutt
Dog,Lexie,Lex,0.83,Golden Retriever
Dog,Bernard,Bernard,5,Boxer
Dog,Myles,Myles,10,Cockapoo
Dog,Millie,Millie,9.5,German Shepherd Chow Mix
Dog,Bodhi,Bo,6,Golden Retriever
Dog,Mooch,Mooch,9,Terrier Mix
Dog,Piper,Pipes,4,Woodle 
Dog,Charles,Charlie,10,Corgi
Dog,Willow,Willow,3,Sheepadoodle
Dog,Glamis Schedule K,Kona,5,Golden Retriever
Dog,Bandit Raye,Bandi,12,Farm Dog
Dog,Anderson,Andy,12,Lab Mix Rescue
Dog,Mars Harambe,Pickle,3,Catahoula Mix
Dog,Claudio Atlas Wolfric,Claudio,8,Dachshund
Dog,Lawson H Dog,Hogan,16,Briard
Dog,Tucker,Tucker,1,Bully Mix
Dog,Ames,Ames,5,Husky
Dog,Franc,Franc,0.33,Mastiff Cross
Dog,Oliver Jackson,Oliver,5,Morkie
Dog,Dolly Doodle Dogger,Dolly,6,Labradoodle
Dog,Cassie,Cassie,5,Mix
Dog,Logan,Logan,2,Rhodesian Ridgeback
Dog,Basil,Basil,7,German Shepherd Lab Mix
Dog,Marble,Marble,5,Plott Coonhound Mix
Dog,Hollie,Hollie,14,Westie
Dog,Cash Money,Cashie,2,Labrador Retriever
Dog,Seamus,Shamie,11,Rhodesian Ridgeback
Dog,Nash,Nash,2,Labrador Retriever
Dog,Sian Ben Ryan,Sian,14,Westie
Dog,Bear,Bear,7.5,Golden Retriever Mix
Dog,Charles Barrath Mcintyre,Barry,6,Basset Hound
Dog,Margeurite Larioux Gonzales,Maggie,6,Labrador Chihuahua
Dog,Rusty,Rusty,2,Fox Red Lab
Dog,Starfire,Star,15,Maltese Poodle
Dog,Nova,Nova,3,Mixed Breed
Dog,Dinty,The,5,Terrier Mix
Dog,Kadie Jo,Kadie,6,Labrador Retriever
Dog,Daisy Duke,Daisy,4,Siberian Husky Brittany Spaniel Cross
Dog,Sunny Sunday Sky,Sunny,15.5,Beagle
Dog,Bailey,Bailey,3,Border Collie Mix
Dog,Bosco Spaghettio,Bosco,9,Border Collie Mix
Dog,Tansei,Duffus,7,Shiba Inu
Dog,Molly,Molly,16,Golden Retriever
Dog,Duke Dukington,Duka,3,Chihuahua
Dog,Prince Phillip The,Phillip,12,West Highland White Terrier
Dog,Petey,Petey,11,West Highland White Terrier
Dog,President Nixon,Nixy,8,Mixed Breed
Dog,Daisy Doodle Fat Kid With Butt Spots,Daisy,4,Hound Mix
Dog,Benry Of Willowbrook,Benry,8,Golden Retriever
Dog,Qoda,Qoda,2,Golden Retriever
Dog,Ziggy Starsog,Zig,1.5,Hound Mix
Dog,Samuel Labrador,Sam,13,Labrador
Dog,Bentley Boy,Bentley,13,Shih Tzu Bichon
Dog,Taco Belle,Taco,7,Taco
Dog,Pluto,Pluto,12,Golden Retriever
Dog,Toby,Toby,6,Beagle Mix
Dog,Harlee,Harlee,3,Anatolian Shepherd
Dog,Nessa,Nessa,1,Golden Retriever
Dog,Biscuit Bandit,Bandit,3,Labrador
Dog,The Real Slim Sadie,Sadie,1.5,Golden Retriever
Dog,Quincy Sugarplum,Quincy,3,Golden Retriever
Dog,Skipper Doo,Skip,4,Yorkshire Terrier
Dog,Sam Ruffalo,Sam,6,Golden Retriever Lab Mix
Dog,Brutus Buckeye,Brutus,11,Golden Retriever
Dog,Crespo,Crespo,12,Shihtzu And Mixed
Dog,Rossignol,Rozzie,7,Siberian Husky
Dog,Pepper,Pepper,4,Mix
Dog,Amaya,Maya,6,Siberian Husky
Dog,Tiger,Tiger,12,Unknown
Dog,Bonnie,Bonnie,8,Westie
Dog,Abby,Abby,11,Cavalier King Charles Spaniel
Dog,Cooper,Coop,7,Labrador
Dog,Chase,Chase,3,Husky Mix
Dog,Riley Jenkins,Riley,1.5,Golden Retriever
Dog,Montgomery T Dog,Monkey,2,Dalmatian Labrador Cross
Dog,Nana Roo,Nana,5,German Shepherd
Dog,Callie,Cal,3,Golden Retriever
Dog,Rocco Norbert,Rocco,10,Golden Retriever Chow
Dog,Jack,Jack,3,Terrier
Dog,Ted,Ted,0.5,Welsh Terrier
Dog,Jaida Lynn,Jaida,12,Black Lab Terrier
Dog,Daisy Lulu,Daisy,9,Poodle
Dog,Titus,Titus,7,Lab
Dog,Cookie Asparagus,Cookie,11,Chihuahua Jack Russell Terrier
Dog,Tessa Leigh,Tessa,11,Labradoodle
Dog,Ali,Ali,5,Greyhound
Dog,Daisy,Daisy,4,Lab Mix
Dog,Lucky,Lucky,5,Lab
Dog,Harper Jean,Harper,1.5,German Shepherd
Dog,Max,Max,6,Golden Retriever
Dog,Mica,Mica,6,Lab Mix
Dog,Sylvester Balboa,Sly,6,Golden Retriever
Dog,Mia Roo,Mia,11,Australian Shepherd
Dog,Casper Tiberus,Casp,4,Mixed
Dog,Chummy,Chumbles,5,Labradoodle
Dog,Luna Bean,Luna,7,Italian Greyhound X Chihuahua
Dog,Sofie Tooter Scooter,Sofi,7,Chihuahua
Dog,Mojo,Mojo,5,Labradoodle
Dog,Grace,Grace,1,Mix
Dog,Frankie,Frankie,1,Mix
Dog,Osa,Osa,9,Akita Husky Mix
Dog,Dixie,Dixie,12,Pit Bull Mix
Dog,Nina,Nina,7,West Highland Terrier
Dog,Rachel,Rachel,8,Schnauzer
Dog,Piper,Piper,9,Labrador Retriever
Dog,Bella,Belly,10,Yorkshire Terrier
Dog,Queen Khaleesi,Queenie,12,Mountain Dog Mix
Dog,Bridget,Pookie,15,Mutt
Dog,Bodacious,Bodie,14,Black Labrador Retriever
Dog,Mama Rose,Rosie,7,Pit Bull
Dog,Augustus,Gus,8,Golden Retriever
Dog,Tater,Tater,0.25,Labrador
Dog,Beverly Ann,Beverlana,13,Golden Retriever
Dog,Cora Smalls,Cora,3,Havanese
Dog,Jasper,Jasper,16,Dalmation Beagle
Dog,Caleb,Caliber,1.5,Bluetick Coonhound
Dog,Tonka,Tonks,8,Newfoundland
Dog,Hank,Baby,2,Boxer
Dog,Brandy,Puddin,5,Pit Bull Lab Mix
Dog,Sir Squeaksalot The Second,Twoie,9,Chinese Crested Powder Ouff
Dog,Colby Jack,Jack,5,German Shepherd
Dog,Cooper,Coop,6,Labradoodle
Dog,Murphy,Murph,1,Goldendoodle
Dog,Phineas,Phineas,7,Irish Soft Coated Wheaten Terrier
Dog,Peach,Peach,2,Mixed
Dog,Moose Alexander,Moose,0.67,Maltipoo
Dog,Ruby,Ruebs,6,Rhodesian Ridgeback
Dog,Ruby,Ruby,4,Labrador Retriever
Dog,Min Ottende Bold,Otte,9,Black Labrador
Dog,Min Fine Nimina Beana,Mina,6,Yellow Labrador
Dog,Lucy,Lu,3,Great Pyrenees
Dog,Lucy Lu,Luey,4,Basset Hound
Dog,Katniss Underfoot,Katniss,9,Pit Bull Mix
Dog,Sadie,Sayd,13,Border Collie
Dog,Cocochanel Mademoiselle,Coco,5,Golden Retriever
Dog,Maggie,Mags,8,Border Collie
Dog,Gunner Baker,Gunner,12,Lab
Dog,April In Paris,Paris,6,Golden Retriever
Dog,Felix,Felix,2,Unknown
Dog,Woodruff,Woody,10,Saint Bernard Cocker Spaniel
Dog,Kitty Take Your Gloves Off,Reba,8,Golden Retriever
Dog,Mulligan,Mull,12,Golden
Dog,Loki,Loki,0.67,Golden Retriever
Dog,Okemo,Okemo,8,Australian Cattle Dog
Dog,Beau,Beau,1,Golden Retriever Mix
Dog,Zack Attack,Zack,10,Golden Retriever
Dog,Kendall,Kendall,4,Hound Lab Mix
Dog,Bailey,Bailey,1,Pointer
Dog,Ranger,Ranger,11,German Shepherd
Dog,Dan,Dan,12,Basenji Mix
Dog,Sir Maximillion Of Binghamton,Max,10,Golden Retriever
Dog,Freya,Freya,3,Pointer Sharpei
Dog,Jackson,Jax,14,Golden Retriever Mix
Dog,Kurama,Kdog,3,Unknown
Dog,Luchik,Luchik,5,German Shepherd
Dog,Pippi Hyde,Pippie,11,Cocker Spaniel
Dog,Pearly,Pearl,5.5,Husky Mix
Dog,Walter,Walty,6,Spaniel Mix
Dog,Buddy Of Bailey's Irish Cream,Buddy,11,Labrador Retriever
Dog,Belle,Belle,15,Golden Retriever
Dog,Zoe Marie,Zoe,6,German Shepherd
Dog,Wilson,Wilson,4,Lab Mix
Dog,Reesie,Reesie,14,Yorkshire Terrier
Dog,Bocephus Ray,Bo,6,German Shepherd
Dog,Gunner,Gunny,5,Yellow Lab
Dog,Stella,Stella,12,Dachshund
Dog,Bailey's Irish Cream,Bailey,13,Black Golden Retriever 
Dog,Poppy,Pops,16,Jack Russell Terrier
Dog,Nina,Beans,12,Flat Coated Retriever
Dog,Charlotte,Char,4,Beagle Jack Russel
Dog,Ms. Cuddles,Cuddles,13.75,Chiweenie
Dog,Wayne Rooney,Roo,13,Border Collie
Dog,Snack,Snack,2,Rottweiler Cocker Spaniel Mix
Dog,Hazel,Zelly,3,Golden Retriever
Dog,Luna Calamity Barnes,Luna,9,Mutt
Dog,Hiro Barnes,Hiro,5,Mutt
Dog,Ramsey,Ramsey,0.33,Labrador
Dog,Stella Diane,Stella,6,Havanese Type Mix
Dog,Trigger,Trig,4,Labrador Retriever
Dog,Héloïse,H,9,Papillon Mix
Dog,Scout Mcgee,Scout,12,Spitz
Dog,Milo,Milo,2,Golden Retriever
Dog,Kolbie,Kolbie,10,Beagle
Dog,Rhyannon's Princess Nikita,Nikki,10.5,Siberian Husky
Dog,Malcolm P. Dog,Malcolm,17,Mix Mutt Disaster
Dog,Maxwell T. Bone,Max,11,Chocolate Lab
Dog,Indy,Indy,8,Poodle
Dog,Cody Fluffball,Cody,11,Golden Retriever
Dog,Fudge,Fudgie,6,Beagle Lab Mix
Dog,Mia,Mia,13,Golden Retriever
Dog,Megan Gabriela Ortega,Moo,11,Boxer
Dog,Bel,Bel,7,Cocker Spaniel
Dog,Artie,Artie,14,Golden Retriever
Dog,Snickers,Snickers,9,German Shepherd Beagle Mix
Dog,Blue,Blue,7,Blue Heeler Mix
Dog,Wally,Wawa,2,Golden Retriever Mix
Dog,Copper,Copper,10,Chihuahua
Dog,Juliet,Jules,2,Pit Bull
Dog,Dasher,Dash,8,Spanador
Dog,Grace,Gracie,5,Labrador Retriever
Dog,Ruby,Ruby,12,Mutt
Dog,Levi,Lee,6,Australian Shepherd
Dog,Elle Loki Bean,Bellie,1,Boxer Mix
Dog,Dorthea Dix,Doge,5,Golden Retriever
Dog,Layla Bo Peep,Layla,0.33,Puggle
Dog,Rocky,Rocky,12,Beagle Mix
Dog,Tillith,Tilly,8,Hound Mix
Dog,Rollo,Rollo,3.5,Yellow Lab
Dog,Nisku,Nisku,2,German Shepherd Mix
Dog,Sadie Jo,Sadie,5,Labrador Retriever
Dog,Lady,Lady,9,Bernese Mountain Dog
Dog,Sammy Q,Sam,10,Golden Retriever Mix
Dog,Oliver Phish,Oliver,2,Pit Bull Mix
Dog,Cleopatra,Cleo,6,Italian Mastiff
Dog,Birdie,Birdir,1,Labradoodle
Dog,Murphy,Murph,7,Golden Retriever
Dog,Ryder,Ryder,14,Yellow Lab Mix
Dog,Talani Snowmageddon,Milo,0.38,Golden Retriever
Dog,Winnie The Blue,Winnie,0.92,Pit Bull
Dog,Scarlett,Scarlett,0.25,Cavalier King Charles Spaniel
Dog,Gus,Gus,11,Golden Retriever
Dog,Dixie Marie,Dixie,8,St. Bernard
Dog,Heidi,Heidi,2,St. Bernard
Dog,Phin,Phin,2,St. Bernard
Dog,Jager,Jager,12,Labrador Retriever
Dog,Brown Bear,Bear,7,Unknown
Dog,Lucy,Lucy,4,Golden Retriever
Dog,Kahlua,Chicky,0.83,Mutt
Dog,Baylei,Stinky,1,Silver Lab
Dog,Baylei,Stinky,1,Silver Lab
Dog,Rocky,Rocky,5,Pit Bull Lab Mix
Dog,Abigail,Abby,4,Pit Bull
Dog,Kira,Kira,15,Beagle
Dog,Sammy,Sam,6,Golden Retriever Lab Mix
Dog,Piper Marie,Piper,4,Newfoundland Mix
Dog,Charlene,Charlie,12,Lab Mix
Dog,Thor Mighty God Of Thunder,Thor,9,Dachshund
Dog,Cody Anne,Cody,2,Golden Retriever
Dog,Tessa,Tessa,11,German Shepherd
Dog,Lily,Lily,10,German Shepherd Chow Mix
Dog,Butters,Butters,9,German Shepherd Chow Mix
Dog,Prince Romeo,Romey,8,Miniature Pinscher
Dog,Snickers The First,Snickers,6,Yorkshire Terrier
Dog,Lucky,Lucky,3,Lab Blue Heeler Mixed Breed
Dog,Ares,Ares,8,Olde English Bulldog
Dog,Maximillian,Max,13,Golden Retriever
Dog,Rogue,Rogue,6,Border Collie Weimerheimer Mixed Breed
Dog,Ace,Ace,1,American Hairless Terrier
Dog,Ava,Ava,4,American Hairless Terrier
Dog,Winnifred,Winnie,6,Shih Tzu Poodle Mix
Dog,Mika,Mika,8,Pit Bull Lab Mix
Dog,Charlie Elizabeth Begonias,Charlie,5,Labradoodle
Dog,Jack Ass,Jackie,5,Border Collie Australian Shepherd Mix
Dog,Dan,Digger,13,Pug
Dog,Koko,Koko,4,French Bulldog
Dog,Archibald,Archie,2,Golden Retriever
Dog,Sassie,Sassie,19,Poodle
Dog,Zoe,Zoe,12,Shih Tzu Poodle
Dog,Bobo,Bobes,10,Mutt
Dog,Isiah Thomas,Izzy,0.25,Maine Coon
Dog,Sir Pete The Pup,Pete,12,Chihuahua
Dog,Roux Stir,Roux,8,Catahoula Mix
Dog,Lucy Scramble,Lucy,5,Boxer
Dog,June Bug,June,10,German Shepherd Chow Mix
Dog,Crinkle,Crink,7,Rhodesian Ridgeback
Dog,Smokey,Spooky,14,Mutt
Dog,Daisy May,Daisy,3,Lab Mix
Dog,Crimson,Crimson,9,German Shepherd Beagle Mix
Dog,Tide,Tide,9,German Shepherd Beagle Mix
Dog,Sophie,Sophie,10,Lab & Jack Russell Mix
Dog,Sir Nigel Petrie Of The Poofybottom Clan,Nigel,12,Pomeranian Terrier Mix
Dog,Tobi,Bobo,10,Newfoundland St. Bernard
Dog,Bruin,Bru,7,Golden Retriever
Dog,Lucinda Jean,Lucy,1,Golden Retriever
Dog,Dave,Dave,4.5,Golden Retriever
Dog,Harper Valley,Harper,0.25,Dachshund
Dog,Buster Brown,Buster,11,Mutt
Dog,Leila,Leila,5,Pointer
Dog,Trixie,Trixie,3,Golden Retriever
Dog,Archer,Archibald,9,Lab Mix
Dog,Zeus,Zu,1,Great Dane
Dog,Shooter,Shooter,8,Blue Heeler
Dog,Ellie,Ellie,8,Yellow Lab
Dog,Macie,Mace,8,Golden
Dog,Maddie,Bubbis,17,Shih Tzu
Dog,Squirt,Squirt,7,Bulldog
Dog,Samantha Marie,Sammie,8,Mutt
Dog,Quincy,Quincy,5,Chow Chow Mix
Dog,Cajun,Cajun,6,Golden Lab Mix
Dog,Duke,Dukie,3,Pit Bull
Dog,Daisy,Daisy,3,Pit Bull
Dog,Nico,Nico,4,Boston Terrier Pug Mix
Dog,Chance Mccoy,Chance,10,Golden Retriever
Dog,Kobi,Kobi,11,Pit Bull Mix
Dog,Maila,Moose,1,South African Mastiff
Dog,Phineas,Phin,3,Lab
Dog,Cody,Vody,20,Labrador Retriever
Dog,Perry,Perry,3,Lab
Dog,Call It A Night Sir Dudley,Dudley,5,Golden Retriever
Dog,Madison Brooke,Maddy,7,Hound Mix
Dog,Like Francis,Luke,8,Treeing Walker Coonhound Mix
Dog,Pilikia,Pili,14,Chihuahua
Dog,Mia Pieper,Mia,3,Black LabGreyhound Mix
Dog,Pepper Potts,Pepper,6,Golden Retriever
Dog,Scruffy,Scruffy,7,Mutt
Dog,Princess Jessi,Jessi,7,Unknown
Dog,Mowgli,Mowgli,1,Lab
Dog,Wille,Willie,8,Unknown
Dog,Otto,Otto,1.5,Doberman Basset Hound
Dog,Optimus,Opti,7,Maltese
Dog,Memphis Mumford,Memphis,2,Cane Corso Mastiff
Dog,Louie,Louie,6,Lab Bloodhound Mix
Dog,Anna,Anna,5,Unknown
Dog,Chester,Chester,13,Nova Scotia Duck Toller
Dog,Zeus Theodore,Zeus,7,Schnoodle
Dog,Ripley,Ripley,13,Golden Retriever
Dog,Beau,Beau,4,Goldendoodle
Dog,Lucy,Lucy,9,Golden Retriever
Dog,Penelope,Penny,3,Maltese
Dog,Callie,Cal,4,Golden Retriever
Dog,Jake,Jakey,2,Goldendoodle
Dog,Willie,Willie,2.5,Lab Mix
Dog,Package,Package,1,Dalmatian Mix
Dog,Luna,Luna,5,Yorkshire Terrier
Dog,Delilah,Lila,4,Lab
Dog,Josephine,Josie,4,Border Collie Pit Mix
Dog,Russell D.,Rusty,9,Mutt
Dog,Excalibur Insubordinate O’mallie Ix,Cali,2,Golden Retriever
Dog,Darth Vada Mae,Vada,7,Border Collie Corgi
Dog,Butterscotch,Butters,9,Mutt
Dog,Emma Jean Jelly Bean,Emma,13,Shih Tzu
Dog,Rigby,Rigs,6,Boston Terrier
Dog,Sir Scribbles Of The Shire,Scribbles,5,Shih Tzu
Dog,Tele,Tele,11,Lab
Dog,Maggie,Pooper,14,Dachshund
Dog,Daisy Mae,Daisy,11,Golden Retriever
Dog,Bug,Bug,6,Jack Russell Terrier Mix
Dog,Rayven,Ray,6,German Shepherd
Dog,Puppy Girl,Puppy,4,Jack Russell Terrier
Dog,Beyoncé,Beyonc,2,Chihuahua
Dog,Pippa Mad,Pippa,2,Havanese
Dog,Tails Balboa,Tails,14,Chihuahua
Dog,Tara Balboa,Tara,6,Chihuahua
Dog,Mia,Mimi,1,Chihuahua
Dog,Slainte,Slainte,12,Chiweenie
Dog,Clyde Frog The Dog,Clyde,3.75,Yellow Labrador
Dog,Asher,Ashie,9,Golden Retriever
Dog,Miley,Miley,13.5,Mutt
Dog,Suzie,Suzie,5,Chocolate Lab
Dog,Joshua,Joshie,9,Golden Retriever
Dog,Kona Kai,Kona,2,German Shepherd
Dog,Charlie,Charlie,11,Boston Terrier X Pug
Dog,Lucky,Lucky,4,Lab Retriever
Dog,Lily Ann,Lily,3,Golden Retriever
Dog,Robbie,Robbie,10,West Highland White
Dog,Chance,Chance,4,Lab Retriever
Dog,Mcgregor,Gregs,11,Scottish Terrier
Dog,Maggie,Maggie,6,Corgi
Dog,Boo Radley Beauregard,Boo,5,Hound Mix
Dog,Jean Louise,Scout,2.5,Golden Retriever
Dog,Java Joe,Joe,0.13,Corgi
Dog,Heidi Hoho,Heidi,7,Rescue Mutt
Dog,Finlay Heisenberg,Finn,8,Shetland Sheepdog
Dog,Nala Belle,Nala,11,Golden Retriever
Dog,Matelin Paco Junior,Mate,9,Australian Shepherd
Dog,Eddie,Eddie,8,Chihuahua
Dog,Sir Thompson Squigglebutt,Tommy,7,Chihuahua
Dog,Miss Kasey Bubbles,Kasey,8,English Setter
Dog,Angel,Angel,9,Golden Retriever
Dog,Loosie,Goose,15,Whippet
Dog,Sophie,Sophie,14,Whippet
Dog,Douglas,Douglas,10,Basset Hound
Dog,Zoi,Z,1,English Setter
Dog,Jasper,Jasper,14,Whippet
Dog,Rupert,Roo,3,Basset Hound
Dog,Spencer,Spence,10,Pointer
Dog,Sir Clyde Bootsie Sideeye,Clyde,11,Chihuahua
Dog,Daisy Mae,Daisy,7,Goldendoodle
Dog,Teddy Bear,Teddy,11,Chow Chow Australian Shepherd
Dog,Edward Gene,Eddy,15,Golden Retriever
Dog,Peaches Monroe,Peaches,4,Jack Russell Terrier
Dog,Sir Nicholas,Nick,9,Corgi Jack Russell
Dog,Eowyn,Eo,13,Shih Tzu
Dog,Jayden,Denden,8,Shih Tzu
Dog,Joey,Jo,1,Golden Retriever
Dog,Walker Texas Ranger,Wally,1,Labrador Mix
Dog,Mike Mussina,Moose,1,Labrador Mix
Dog,Demon Deacon,Deke,13,Golden Retriever
Dog,Benny The Tiny Von Hudehoff,Benny,5,Yorkshire
Dog,Jacky,Jack,3,Golden Retriever
Dog,Gigi,Gigi,10,Golden Retriever
Dog,Liontamer’s Nelson M Mandela,Nelson,2,Rhodesian Ridgeback
Dog,Toby,Toby,12,Golden Retriever
Dog,Sugar,Sugar,13,Mix
Dog,Mackley,Mackey,4,American Bulldog
Dog,Sugar,Sugar,5,Golden Retriever
Dog,Minnie,Minnie,10,Min Pin
Dog,Meeko Letang,Bubby,3,Rough Collie
Dog,Oddjob,Jobby,11,Puggle
Dog,Charleston Wesley,Charlie,1,Goldendoodle
Dog,Shelby,Shelb,3,Mutt
Dog,Barracuda,Cuda,0.25,German Shepherd Mix
Dog,Daisy,Daisy,5,Chocolate Lab
Dog,Moose Van Haus Huenink,Moose,3,Rottweiler
Dog,Princess Bella Marie,Bella,11,Mini Dachshund Beagle Mix
Dog,Geno Stoneycreek Pugh,Beans,2,Rottweiler
Dog,Sadie Mae,Sadie,6,German Short Haired Pointer
Dog,Ruby Sue,Ruby,3,Bluetick Coonhound
Dog,Zoey,Zoey,8,Golden Retriever
Dog,Apollo,Apollo,10,Boxer
Dog,Petey,Pete,11,Lab Mix
Dog,Sadie Blue,Sadie,9,Border Collie Mix
Dog,Mira,Weetum,13.5,Greyhound
Dog,Ginger,Ginger,8,Staffordshire Mix
Dog,Hairy Potter,Hairy,12,Small Terrier
Dog,Cricket,Crickita,12,Half Schitzu
Dog,Xenia Marie,Xenia,8,German Shepherd
Dog,Daisy Mae,Daisy,12,Cairn Terrier
Dog,Skylar,Sky,15,Mini Aussie
Dog,Maybus Dogstoevsky,Maybe,11,Treeing Walker Coonhound
Dog,Kahlua,Loulou,7,Mini Aussie
Dog,Maggie Pie Thatcher,Maggie,0.33,Blue Lacy
Dog,Ashildr,Ashy,1,Boxer
Dog,Elsa,Stinky,4,German Shepherd
Dog,Belle,Stinky,4,Golden Retriever
Dog,Zeus,Zeusy,8,Jack Russell Terrier Mix
Dog,Molly,Miss,6,Lab Mix
Dog,Chip,Chippers,13.5,Yellow Lab
Dog,Chewustuffer Asshole,Chewy,2,Golden Retriever
Dog,Sailor Moon,Either,4,Newfoundland
Dog,Navigator’s Sipsey River Princes,Sipsey,11,Labrador Retriever
Dog,Buddy,Bud,9,Border Collie
Dog,Brown Butter Biscuit,Biscuit,12,Labrador Retriever
Dog,Millie,Lil,13,Shih Tsu Cross
Dog,Jonah,Jonah,5,Lab Collie
Dog,Diggs,Diggs,9,Australian Cattle Dog
Dog,Herman,Hermie,14,Dachshund
Dog,Datsyuk,Datsyuk,0.67,German Shepherd Chow Mix
Dog,Nightwing,Nightwing,6,Lhasa Apso Maltese
Dog,Isabella,Bella,5,Australian Shepherd
Dog,Princess Buttercup,Princess,4,Lhasa Apso Maltese
Dog,Sir Jake Of Zoar,Jake,11,Yellow Lab
Dog,Scout,Scout,6,King Charles
Dog,Aluxe,Aluxe,14,Poodle
Dog,Brownie,Brownie,11,King Charles
Dog,Shelby May,Shelbs,6,Terrier Mix
Dog,Mr. Henry Midas Darcy,Henry,7,Golden Retriever
Dog,Annie Reese,Annie,11,Husky Corgi Mix
Dog,Blackjack,Blackjack,3,Lab And Pit Mix
Dog,Jaden,Jaden,1,Unknown
Dog,Sophie,Soph,9,Golden Retriever
Dog,Petey,Petey,11,Golden Retriever
Dog,Jack,Jackson,11,Golden Retriever
Dog,Bella,Bell,8,Puggle
Dog,Starsky Buford,Starsky,7,Foxhound 
Dog,Quito,Kiki,4,Rottweiler
Dog,Wiggins,Wiggs,3,Black Lab Basset Houd Mix
Dog,Bella,Belly,13,Weimaraner
Dog,Maple,Mapie,0.42,Shiba Inu
Dog,Sara,Sara,7,Polish Tatra Sheepdog
Dog,Clementine,Clem,5.5,Coonhound
Dog,Ali May,Ali,12,Lab Mix
Dog,Aspen,Ass,3,Coonhound
Dog,Amber,Amber,2,German Pointer
Dog,Coquine,Ti,15,Maltese
Dog,Medley May,Med,8,Great Dane
Dog,Maggie,Mag,3,Great Dane
Dog,Finn Jethro,Finny,7,Poodle
Dog,Tallulah Lilac,Lulah,4,Poodle
Dog,Bear,Bear,6,Husky Shepherd Collie
Dog,Emily,Emily,7,American Pit Bull Terrier
Dog,Winifred Yankeestaff Arnone,Winnie,13,English Staffordshire Bull Terrier
Dog,Bella,Bella,9,Shih Tzu
Dog,Mocha Latte,Moch,2,Retriever Pit Bull
Dog,Bentley Rockstaff Jardine Arnone,Bentley,0.83,English Staffordshire Bull Terrier
Dog,Freddie Mercury,Freddie,15,Mini Schnauzer
Dog,Einstein Pancake,Einstein,11,Shih Tzu Poodle
Dog,Sir Eggs Benedict,Benny,2.5,Pembroke Welsh Corgi
Dog,Bandit,Ban,8,Husky
Dog,Mac,Mac,5,Border Collie
Dog,Shepherd E Stoltzfus,Shep,5,Border Collie
Dog,Cinnamon,Chinamon,4,Golden Retriever
Dog,Rocky Ciroc,Ciroc,6,Bichon Frise
Dog,Jack,Jack,2,Miniature Dachshund
Dog,Baldrick Bob,Bob,14,Miniature Schnauzer
Dog,Danny,Danny,12,Pomeranian Indian Mongrel Mix
Dog,Troy,Sweetie,9,Pit Mix
Dog,Lavender,Lav,8,Pit Bull
Dog,Buddy,B,6,Golden Retriever
Dog,Chase,Chase,6,Boxer
Dog,Charlotte,Charlie,8,Mostly Border Collie 
Dog,Ice,Ice,14,Sharpei Dachshund Mix
Dog,Dolly,Dolly,7,Lab Mix
Dog,Geoffrey,Geoffrey,1,Maltipoo
Dog,Holly,Holly,8.5,Golden Retriever
Dog,Coco Pollybird,Coco,10,Cocker Spaniel
Dog,Tim,Tim,12,Beagle
Dog,Magui Josefina Primera Mercado,Mo,16,English Cocker Spaniel
Dog,Scooby,Scoob,0.42,American Cocker Spaniel
Dog,Balto José,Bartolo,6,Unknown
Dog,Xena Badass Mcawesome Princess Flufflepuffs Of The Ashen Fields Of Mordor,Xena,6,Golden Retriever
Dog,Wilbur,Wilby,6,French X British Bulldog
Dog,Rowena Ravenclaw,Puppy,3,Rhodesian Ridgeback
Dog,Magnificent,Maggie,7,King Charles Papillon Mix
Dog,Nova,Scoosh,0.58,Cocker Spaniel
Dog,Penny,Penny,12,Ray Terrier
Dog,Maisie Taters,Maisie,2,Hound Mix
Dog,Guinness,Guinness,9,Australian Shepherd
Dog,Johnny Bee,Johnny,5,Boxer Mix
Dog,Mayflower,May,12,Labrador
Dog,Roscoe,Roscoe,13,Beagle
Dog,Ashley,Ashley,5,English Cocker Spaniel
Dog,Janis,Janis,7,Unknown
Dog,Leonardo,Leo,7,Pekingese
Dog,Ceili Kibbles,Ceili,10,Golden Retriever
Dog,Charlie,Charlie,0.42,Bernese Mountain Dog
Dog,Mango,Mango,2,Unknown
Dog,Rufus,Roofie,14,Golden Retriever
Dog,Daisy,Daze,0.33,Golden Retriever
Dog,Lily,Lils,13,Golden Retriever
Dog,Bertie,Bertie,0.33,Golden Retriever
Dog,Max,Bear,7,Akita
Dog,Molly,Moo,7,Beagle
Dog,Poppy,Poppy,2,Golden Retriever
Dog,Daisy,Daisy,2,Golden Retriever
Dog,Koda,Koda,9,Golden Retriever
Dog,Elwood,Elwood,9,Golden Retriever
Dog,Jake,Jakey,9,Golden Retriever
Dog,Miles,Miles,8,Labrador
Dog,Indiana,Indy,10,Springer Spaniel
Dog,Maximus Harvey,Max,2,Golden Retriever
Dog,Douglas Ray Richardson The Third,Doug,6,Red Heeled
Dog,Harley,Gnarly,4,Pug
Dog,Buster,Busty,14,Jack Russell Terrier
Dog,Alfie,Alfie,14,Jack Russell Terrier
Dog,Mila,Mila,9,Mixed Breed Boomer
Dog,Zero,Boydog,10,Rhodesian Ridgeback
Dog,Bella Nina,Archie,7,German Shepherd
Dog,Briggs,Briggy,10,Lab Mix
Dog,Mya,My,13,Yellow Lab
Dog,Neela,Neely,8,Shih Tzu
Dog,Hank,Hanky,2,Blue Heeler Australian Shepherd
Dog,Button,Button,7,Cockalier
Dog,Missy Princess,Miss,14,Cocker Spaniel
Dog,Prince,Prince,7,German Shepherd Golden Retriever
Dog,Samuel,Sam,8,Golden Retriever
Dog,Precious Fudge,Miss,12,Chocolate Lab
Dog,Truffles,Truffs,11,Chocolate Lab
Dog,Woodland,Woody,4,Long Haired Chihuahua
Dog,Heath M&m,Peaf,8,Australian Cattle Dog
Dog,Mosley,Mosley,6,American Pit Bull Terrier
Dog,Peter,Peter,3,Unknown
Dog,Sammy,Sammy,12,Shih Tzu Mix
Dog,Theodore Barkalot,Teddy,8,Bichon Havanese
Dog,D'artagnan,Dart,17,Pug
Dog,Celsius Pele Amadeus Cartier,Celsius,11,Black Labrador Retriever
Dog,Lando Calrisian,Lando,4,Labrador
Dog,Obi,Obi,2,Labrador
Dog,Titus Sirius Icarus Cartier,Titus,10,Black Labrador Retriever Mix
Dog,Samuel T Dogg,Sam,8,Labrador
Dog,Oreo Ann,Oreo,11,Unknown
Dog,Oliver,Ollie,7,Unknown
Dog,Stamford,Stamford,10,Bichon Frise Cross
Dog,Bentley,Bentley,4,Chocolate Lab
Dog,Lulu,Lulu,10,Jack Russell Terrier
Dog,Ella,Elephant,8,Labrador Retriever
Dog,Roxy,Roxy,5,German Shepherd
Dog,Desmond,Dez,8,English Black Labrador
Dog,Stella,Stella,9,Hunterway X Collie
Dog,Sheena,Beena,12,Golden
Dog,Perry The Poodle,Perry,2,Standard Poodle
Dog,Cody The Corgi,Cody,3,Pembroke Welsh Corgi
Dog,Ginevra Molly,Ginny,0.35,Golden Retriever
Dog,Riley,Riley,4,Husky
Dog,Cleopatra,Cleo,3,Greyhound
Dog,Coco,Coco,10,Corgi
Dog,Captain,Captain,14,Husky
Dog,Buddy,Buddy,8,Mutt
Dog,Magnolia Mae,Maggie,2,Corgi
Dog,Sam,Sammy,5,Border Collie
Dog,Zoey,Zo,4,Mutt
Dog,Chip,Chippers,2,Golden Retriever
Dog,Snickers,Snick,8,Labrador
Dog,Max,Max,12.5,Labrador
Dog,Leeloo,Leeloo,2,Labradoodle
Dog,Owen,Owen,13,Ridgeback
Dog,Daisy May,Daisy,11,Golden Retriever
Dog,Sunshine,Sunny,4,Pyrador
Dog,Freskin,Bouffants,13,Black Labrador Retriever
Dog,Philippa,Pippa,4,American Hairless Terrier
Dog,Lillie,Lillie,5,Boxer
Dog,Dr. Wolf Barker,Wolfie,7,Mixed
Dog,Toby,Tobias,10,Bichon Frise
Dog,Alice,Bouffants,11,Bichon Frise
Dog,Deedee,Deedle,10,Bichon Frise
Dog,Oliver,Oliver,12,Bichon Frise
Dog,Reuben,Reuben,12,Bichon Frise
Dog,Mowgli,Mowgli,3,Yorkipoo
Dog,Toby,Toby,12,Labrador Retriever
Dog,Buddy,Buddy,11,Mutt Mixed
Dog,Bella Sitka Lastname,Bella,15,American Eskimo Dog
Dog,Monty,Montgomery,8,Labrador Retriever
Dog,Luna Lastname,Luna,0.75,Doxin
Dog,Echo Last Name,Echo,12,American Eskimo Dog
Dog,Nuffin,Nuffin,6,Golden Retriever
Dog,Mars,Chano,9,Corgi
Dog,Calhoun Richard Anderson Du Nord,Cal,3.5,Golden Retriever
Dog,Charlie Brown,Charlie,10,Labrador Retriever
Dog,Bixby Lucas,Bixby,1,Labrador Retriever
Dog,Taco,Taca,13,Boston Terrier French Bulldog Mix
Dog,Belle,Belly,3,Beagle Mix
Dog,Jimmy,Jimmy,3,Jack Russell Terrier
Dog,Miles,Miles,10,Redbone Coonhound
Dog,Eleanor Rose,Elly,5,Golden Retriever
Dog,Cooper Jay Nigel Winston,Cooper,8,Yorkie Mix
Dog,Buddy Augusto,Buddy,14,Cocker Spaniel
Dog,Dash,Dash,7,Pit Bull Mix
Dog,Opie,Dope,11,Golden Retriever
Dog,Georgia,Georgia,3,Unknown
Dog,Dino,Dino,13,Keeshound
Dog,Penny,Penny,10,Beagle Miniature Pinscher
Dog,Bailey Balogh,Bailey,10,Golden Retriever
Dog,Rey,Reymundo,2.5,Jack Russell Chihuahua
Dog,Uwe,Uwe,4,Golden Retriever Mix
Dog,Millie Betty,Mill,1.5,Dalmatian
Dog,Henry,Henny,1,Dalmatian
Dog,Daisy May,Daisy,13,Mutt
Dog,Chamomile June,Cammie,9,Cocker Spaniel
Dog,Chapman,Chapman,15,Labrador Retriever
Dog,Tucker,Tucker,0.75,Australian Shepherd
Dog,Chappelle,Mutt,7,Dachshund And Tibetan Spaniel
Dog,Bella,Bella,11,Greater Swiss Mountain Dog
Dog,Toby Wan Kenobi,Toby,1,Golden Retriever
Dog,Daisy,Daisy,12,Labrador
Dog,Beaucoup Du Chien,Beau,12,Newfoundland
Dog,Pumpkin,Pumpkin,12,Yellow Labrador
Dog,Poquit,Poquit,12,Chocolate Lab
Dog,Rosie,Rosie,9,Golden Retriever
Dog,Murphy,Murphy,10,Yorkshire Terrier
Dog,Giacomo Science,Giacomo,6,Bernese Mountain Dog
Dog,Zuul,Zuul,5,Pit Bull Boxer Mix
Dog,Trogdor Jealous,Dora,14,Mix
Dog,Professor Tuxedo,Tux,1,Bernese Mountain Dog
Dog,Bodie,Bodie,8,Golden Retriever
Dog,Zoey,Zoey,5,Labradoodle
Dog,Joel Carlos,Joel,3,Beagador
Dog,Lola,Lola,1,English Cocker Spaniel
Dog,Rufus,Rufus,15,Cairn Terrier
Dog,Sadie,Bubba,12,Golden
Dog,Zoey Deschanel,Zo,12,Bichon Frise
Dog,Cooper,Coop,6,Golden
Dog,Captain Goose,Goose,1,Unknown
Dog,Mr Doctor Professor Constable Detective Brick,Brick,8,British Bulldog
Dog,Ellie Sattler,El,1,Pibble
Dog,Juke,Juke,4,Dachshund
Dog,Blue,Blue,0.5,Chocolate Lab
Dog,Kiefer Bartholomew,Kief,9,Belgian Shepherd
Dog,Jackson,Jax,5,Labradoodle
Dog,Zeta Bear,Bear,6,German Shepherd
Dog,Minnie,Minniepin,2,Mutt
Dog,Dixie,Dixie,15,German Shepherd Chow Mix
Dog,Rosa Barks,Rosie,11,Shih Tzu
Dog,Charlie,Charlie,0.19,Cavapoo
Dog,Jack Dog,Jack,16,Mutt
Dog,Timon,Timon,3,Mutt
Dog,Leila Fowler,Leila,7,Unknown
Dog,Tubu,Tubu,11,Chihuahua
Dog,Goodness Gracious,Gracy,12,Shih Tzu
Dog,Monkey,Monkey,11,Australian Shepherd Rottweiler
Dog,Rosie,Rosie,7,Golden Retriever
Dog,Scirocco Augustus,Rocco,5,Chinese Sharpei
Dog,Heavy Duty Puppy,Duty,4,Sheltie 
Dog,Siena Rosa,Siena,12,Golden Retriever
Dog,"Buttercup Maplesde, Bella Maplesden, Hercules Maplesden",Butters,2.5,Unknown
Dog,Ghia Lynn,Ghia,1,Border Collie Chinese Shar Pei
Dog,Delilah,Lilah,7,Beagle
Dog,Treacle,Treacle,10,Border Collie Cross
Dog,Sam,Sam,11,Labrador
Dog,Tyson,Tysbert,14,Rottweiler German Shepherd Mix
Dog,Parker,Parker,11,Goldendoodle
Dog,Captain Avro Clarence,Avro,6,Schnauzer
Dog,Carlene,Weentz,4,Mutt
Dog,Linda,Linda,10,West Highland White Terrier
Dog,Toby Wooferton,Toby,18,Mixed
Dog,Sacha,Fjollehoved,13,Labrador Retriever
Dog,Snickers,Snicks,14,Labradoodle
Dog,Sherlock Bones,Sherlock,4,Pit Bull Mix
Dog,Irene Adler,Addie,8,Bulldog
Dog,Wallace,Wally,2,Labradoodle
Dog,Dude,Handsome,2.5,Labrador Retriever
Dog,Bailey,Bailey,9,Golden Retriever
Dog,Willow,Sweetie,6,Labrador Retriever
Dog,Philistine Smoosh,Bill,14,Jack Russell Terrier
Dog,Henry Nacho,Henny,8,Golden Retriever
Dog,Maximilian Kolby,Maxy,16,Golden Retriever
Dog,Argos,Argos,6,Mixed
Dog,Madeline Grace,Ma,15,Golden Retriever
Dog,Elvis,Elvis,11,Cockapoo
Dog,Coconut Butter,Coco,5,Mix
Dog,Lucy,Lucy,12,Golden Retriever
Dog,Sophie Grace,Soph,13,Brindle Black
Dog,Prince,Prince,14,Poodle
Dog,Jackson Buttsickle,Jacks,4,Mix
Dog,Lassie,Lass,14,Moth Eaten Carpet
Dog,Charles Xavier Ii,Charlie,4,Great Pyrenees
Dog,Caroline,Caroline,5,Purebred Alabama Mutt
Dog,Beau,Goomby,4,Golden Retriever
Dog,Lindon,Linda,10,Pit Bull Lab Mix
Dog,Tedward,Teddy,4,Shih Tzu Mix
Dog,Zuzu,Zu,4,Shih Tzu X Bichon
Dog,Marcus Brutus,Brutus,4,Boxer
Dog,Brownie Leigh,Brownie,3,German Shepherd
Dog,Jersey Girl,Jersey,11,Husky
Dog,Stella,Stells,10,Goldendoodle
Dog,Lizzie,Lizzie,6,Husky
Dog,Roxy,Roxy,1,Mutt
Dog,Coco Murfree,Coco,9,Border Collie
Dog,Ozzy,Ozlet,1,Minnie Australian Shepherd Cockapoo
Dog,Winston Pigaloo,Winston,6,Pug
Dog,Noodle,Noodle,13,Weiner Dog
Dog,Phantom,Phantom,5,Staffordshire Pit Bull
Dog,Ellen Park,Ellen,3,Golden Retriever
Dog,Spud,Schmoops,1.5,Pembroke Welsh Corgi
Dog,Fn,Finn,1.5,Goldendoodle
Dog,Pisco,Pisco,5,German Wirehaired Pointer
Dog,Sadie,Sadie,3,German Shepherd
Dog,Lola,Loli,0.75,Golden Retriever
Dog,Addie Heart,Addie,8,Chow Chow Mix
Dog,Ernie,Ernburn,1,Unknown
Dog,Semaj,Sammich,4,Shih Tzu
Dog,Maya,Little,8,Shih Tzu
Dog,Bijou,Bijou,12,Jack Russell Terrier Mix
Dog,Pesto,Pesto,0.75,Beagle
Dog,Maggie,Magz,0.42,Eskimo Mix
Dog,Toby,Toby,1,Golden Retriever
Dog,Jacob Marley,Jake,6,Golden Retriever
Dog,Cujo,Bubby,11,Cocker Spaniel
Dog,Maizie,Maizie,0.33,Mini Schnauzer
Dog,Bruce D,Bruce,12,Dachshund
Dog,Jackie Kate,Jackie,5,Beagle Lab Mix
Dog,Daisy Bear,Daisy,2.5,German Shepherd
Dog,Tinker Stinker,Stinks,2.5,German Shepherd
Dog,Mile High Ice Storm,Miles,7,Golden Retriever
Dog,Breezy Bear,Breezy,1,Golden Retriever
Dog,Nara,Gorda,3,Australian Cattle Dog
Dog,Wyatt Daniel,Wyatt,2,Pembroke Welsh Corgi
Dog,Petra,Petra,1,Golden Retriever
Dog,Rosie,Rosie,10,Walker Hound
Dog,Lilly,Lilly,10,German Shepherd Husky Beagle Chow Chow
Dog,Charles,Charles,12,Miniature Schnauzer Poodle
Dog,Pippa,Pip,1.1,Goldendoodle
Dog,Oliver,Ollie,7,Jack Russell Terrier
Dog,Kiku,Kiku,3,Mutt
Dog,Brandy,Brenda,10,Havanese
Dog,Bobby,Bobkin,8,Shih Tzu
Dog,Emma,Emma,12,Shih Tzu Poodle Mix
Dog,Bessy,Bess,10,Labrador
Dog,Dakota,Woobis,13,Mix
Dog,Altrichter,Cooper,9,Golden Retriever
Dog,Tucker,Tuck,7,Golden Retriever
Dog,Penny Bellew,Penny,6,Labrador
Dog,Morena,Morena,2,Corgi
Dog,Brownie,Bub,13,Maltipoo
Dog,Mose Schrute,Mose,2,German Shepherd
Dog,Rocky,Rocky,6,Corgidor
Dog,Tyler John,Ty,12,Rhodesian Ridgeback
Dog,Tux,Tux,9,Black Lab Mix
Dog,Ruby,Ruby,3,Coonhound Beagle
Dog,Pooch,Pooch,7,Mutt
Dog,Scooby,Scoobers,0.58,Mutt
Dog,Lloyd,Lloyd,11,Golden Retriever
Dog,Ishka,Ish,8,Golden Retriever
Dog,Millie,Millie,1.5,Border Collie
Dog,Rossa,Ross,5,Golden Retriever
Dog,Wookie,Wookie,7,Goldendoodle
Dog,Tucker,Tucker,2,Lab
Dog,Keifer,Keifer,14,Yellow Lab
Dog,Frankie,Frankie,7,Husky Mix
Dog,Sammy,Sam,5,Jack Russell Miniature Pinscher
Dog,Barrett,Barrett,3,German Shepherd
Dog,Benjamin,Benj,2,Border Collie Belgian Malinois
Dog,Laney,Laney,12,Golden Retriever
Dog,Dixie,Lady,3,American Pit Bull
Dog,Diesel,Diesel,3,Pit Bull Mix
Dog,Baxter,Baxter,7.5,Golden Retriever
Dog,Riley Marie,Riley,13,Cocker Spaniel
Dog,Reginald Fonzerelli Hawkes,Reg,12,Goldendoodle
Dog,Erik,Earwig,4,Wirehaired Dachshund
Dog,Oliver,Oli,8,Jack Russell Terrier
Dog,Bilbo Spud Doggins,Bilbo,5,Corgi Cocker Spaniel Mix
Dog,Bailey Woofer,Bailey,13,Cocker Spaniel
Dog,Skyy Like The Vodka,Skyy,3,Husky
Dog,Malibu Like The Rum,Malibu,1,Golden Retriever
Dog,Golden Tate,Tate,2,Golden Retriever
Dog,Bear,Bear,7,Labrador Retriever
Dog,Stanley,Stan,0.5,Miniature Schnauzer
Dog,Andromeda Mae,Andie,6,Goldendoodle
Dog,Eloise Gertrude,Ellie,2,Labradoodle
Dog,Lady Bonnie Of Coventry,Bonnie,8,Black Lab Mix
Dog,Gibson,Gibby,2.5,Pit Bull Mix
Dog,Brewskie,Brew,11,Puggle
Dog,Koli,Koli,11,Yorker Terrier Silky Terrier Mix
Dog,Moxie Jean Narice,Moxie,1,German Shepherd
Dog,Dancer Pants,Dancer,17,Havanese
